Individual,Population,36866990,42535005,5802669,18852043,23896752,6326178,17248977,23161445,23409246,802422,23086608,25320072,8089075,11282829,18168884,18476355,18498215,7297435,15398382,2755108,15375138,16371853,15385680,5780398,3400875,1602226,13376554,2084831,11580167,3853627,4426175,14859755,6781191,9638668,9144741,13071351,7514685,7799422,5803815,651798,8141941,11140224,3177046,3821104,901201,1030877,7366783,8268016,7439789,1486974,6704840,985364,3840959,5415366,6054248,7539166,10375736,9810315,2866057,5600589,5523921,5803969,5422769,315673,485247,2309932,2010876,4176906,7665614,4952847,6337270,6916681,6956800,1470678,929043,8624334,1414989,6059390,5369027,7912437,7475897,3314335,1395897,6575324,6695572,5751834,3898669,443812,302185,4878731,5320573,3005512,2727701,6582372,1033184,1780311,5198363,572005,745332,7008082,4974231,5575478,6382977,5468542,940139,5314469,2962598,1318007,2027415,4193896,4317050,5411880,1193000,2855106,2581131,577416,3587808,2753899,4829146,2647812,725360,3700085,996987,2624181,3869967,1842264,1128479,2706224,3027319,2651766,4301484,237261,5033368,1326639,3204273,3237549,3156438,1068573,3241026,249435,466422,2086624,2595578,4516949,2070998,2962197,1114240,509193,1364507,1945174,763387,3558125,1571022,424072,4122764,3412480,1168646,1798419,2874326,1477303,2867928,1830027,2665069,403684,2007006,2397089,811769,1074258,881027,1940328,3237115,177368,3373305,537559,3200663,521323,1868096,2131839,751120,1739341,2200966,479692,1837204,1587577,1115870,1874961,2206764,960605,1508505,1207167,70138,2412992,1828248,1482444,1950264,205333,1713893,2265009,1194513,1229693,2071566,1169650,1957743,2021816,2092451,827821,1930270,379310,602765,1996188,46003,110444,1003330,1728963,1579097,396692,1166314,789274,418672,1297241,619216,367988,285457,749109,1070217,583396,564245,1425424,1235216,431121,1016963,1377925,289211,74521,98585,936178,145973,492645,242528,980440,66409,817311,289095,338966,826959,483606,561231,470975,2395,470348,233536,635413,617758,254941,302422,226328,195317,328450,103038,63027,104775,340445,262589,116170,199369,107623,23591,13804,43284,106197,40045,83449,17188,38739,21915,29963,25624,33000,13860,2750,681,962,178,1344,182
1114VP,B_N,NA,AG,CC,TT,AA,AA,CC,TC,TT,CC,NA,AA,CC,GG,CC,AA,TT,CC,CC,TC,GG,CC,CT,AA,AA,TC,CT,CA,GG,CC,GA,AA,CC,GG,GG,CC,AA,TG,TT,CC,CT,CC,AA,GG,CC,TT,CC,GG,CT,TT,AA,GG,TT,CC,TT,GG,GG,GG,AG,GG,CC,CT,AA,GG,CA,CC,GG,GG,TC,TT,CC,CT,GG,GA,AA,GG,CC,GA,CT,CC,TG,GG,TC,CC,GT,TT,CT,CC,AA,GG,GG,CC,TT,TT,AA,CC,CC,GG,CC,AA,TT,GG,CC,GA,GG,AA,AG,GG,TT,AA,GA,TT,AA,TT,NA,GG,TC,TT,GG,CC,GA,TT,CC,CC,AA,CC,CC,GG,CC,CC,GG,GA,TT,AG,CT,GG,GA,GA,GA,GG,GA,CC,CC,GG,CT,CC,GG,CC,CC,CT,GG,GG,CC,NA,CA,AA,CC,CT,CC,CC,CC,TC,AG,TT,CC,AA,GA,AG,CC,TT,NA,TT,GA,AG,AA,CC,TC,CC,AG,CC,GA,GG,GG,CT,TT,CC,AA,AA,GG,GA,GG,GG,GA,TT,TT,AA,GA,CC,TT,AG,GG,CC,CC,CC,GG,GA,GG,CT,GT,CT,AA,GA,CC,CC,AG,TT,CC,CC,AT,CC,TT,CC,CT,CC,CT,NA,CA,TT,GG,TC,CC,AC,CT,GA,GG,NA,CC,CC,CC,TT,AA,GA,GG,CT,TT,GA,CT,GA,GC,NA,AC,CT,GG,GG,GG,CC,GG,GT,TT,CC,CC,GG,AA,CC,TT,CC,TT,AA,CC,TT,CA,TT,CC,TT,GG,GG,CG,TT,GT,GG,CC,GA,GC,TT,GA
1114VQ,SS,NA,AG,CC,TT,AA,AG,CC,CC,TT,CC,NA,AA,AA,AA,CC,GA,TT,CT,CC,TC,GA,GC,CT,AT,AA,TT,CT,CA,GA,CT,AA,AA,CC,GT,GG,TC,TA,TG,AA,CC,CT,TC,AG,GG,CG,GT,CC,GA,TT,TT,AA,GG,TT,CC,TT,CC,GA,GG,AG,GG,CC,CC,AA,GG,CA,CT,GG,GG,CC,GG,CC,CC,AG,GA,AT,GG,TT,GG,CT,CT,GG,GG,TC,CT,GG,NA,CC,CC,AA,CC,GA,CT,TT,TT,AA,CC,CC,AA,CT,GA,TG,AG,CC,GG,GG,AA,AG,GG,GG,AT,GG,TT,GA,CT,AG,GG,TC,AA,GG,CC,AA,CT,CT,CC,GA,CC,CC,GG,CC,CA,AG,GA,TT,AG,TT,GG,AA,AA,GA,GG,GA,CC,TT,GG,TT,CC,GG,CC,TT,CT,GG,GA,CC,NA,CA,AA,CC,CC,CC,CT,CT,CC,GG,TT,TT,GG,GA,AG,CT,TT,TT,TC,GA,GG,AA,TC,TC,AA,AG,CC,GA,GG,GG,CT,TG,CT,AA,GG,GG,AA,GG,GG,GG,TT,CT,NA,GG,CA,CC,GG,NA,CC,TC,CC,GA,AA,AA,CC,GT,CC,AA,GG,CC,CC,AG,TT,AA,CT,AA,CC,TT,TC,TT,CC,CC,AG,CC,TT,NA,TC,CC,CC,CT,AA,CG,NA,CC,CC,TC,TT,AA,GG,GG,CT,CT,GG,NA,GG,GC,NA,CC,TT,GG,GT,GG,CC,GG,GT,TT,CC,CC,GA,GA,CT,TG,CT,TT,AA,CC,TC,AA,CC,CC,CC,GG,GG,CC,TG,GG,GG,CC,GA,GC,CC,GA
1114VR,TA,NA,AG,CC,TT,AA,AG,CC,CC,TT,CT,NA,NA,CC,GA,CC,AA,CT,CT,CT,TC,AA,GG,CT,AA,CA,TT,TT,CC,GA,TT,AA,AA,CC,GT,TT,TT,TT,GG,TT,CA,TT,TT,AG,GG,CC,TT,CC,GA,CC,TT,GG,GG,AA,CC,TT,GG,GG,GA,AG,GG,TC,CC,AA,GG,CA,CC,GC,GA,CC,NA,CC,CT,AG,AA,AT,GG,TT,GG,CC,CT,GG,GA,TT,CT,GT,NA,CC,TC,AA,CC,GG,NA,TC,CT,AG,CG,AA,GG,CC,GG,TT,AG,CC,GG,GG,CC,AG,GG,TG,AT,GG,TC,GG,TT,NA,GT,TT,AT,GG,CC,GA,CC,CT,CT,AA,CC,CT,GG,CC,CC,AG,GG,GT,AA,CT,GG,GA,AA,GA,GA,GG,CC,CC,GG,CT,CG,GG,CC,TT,CT,GG,GA,CC,CC,AA,GG,TT,CT,CC,TT,TT,TC,GG,TT,TT,GG,AA,AG,CT,NA,TT,TC,GG,AA,CA,TC,TC,CA,AA,CC,GA,GG,GA,CC,TT,CC,CC,GG,GA,GG,GG,GC,GG,CT,CT,NA,GG,CA,CT,GG,GG,NA,TC,TT,GG,GA,GA,TT,GG,TT,AA,GG,CC,NA,AG,TC,CC,CC,AT,CT,TC,CC,CC,CC,CC,NA,CC,TT,GG,TC,CA,AA,TT,GG,GG,NA,CC,CC,CC,CC,CC,GA,GG,CT,TT,GG,CC,NA,GC,AG,AC,CT,GA,GG,GG,CC,GG,TT,TT,CC,CC,GG,AA,CT,TG,CT,TT,AA,CC,CC,AA,CT,CC,CT,GA,GG,CG,TT,GG,GG,CT,GA,GC,CC,GA
1114VS,FC,NA,GG,CC,TT,AA,AG,CT,TC,TT,CC,NA,AA,CC,AA,CC,GG,CC,CT,CT,TC,GA,CC,TT,AA,AA,TT,CC,CC,GG,CT,GA,AA,CC,TT,GG,TC,TA,GG,AT,CA,TT,TC,AG,GG,CC,GT,CT,GA,CC,TT,AA,GG,TT,CC,TT,CG,GG,GA,GG,GG,CC,TT,GA,GA,AA,CT,GG,GG,CC,GG,CA,CC,AG,GA,AA,GG,CT,GG,CT,CC,GG,AA,TC,CC,GT,NA,CT,CC,AA,CC,GA,CC,TT,TT,AG,CC,CC,GA,CT,AA,TG,AG,CC,AA,GG,AC,AG,GG,TT,AA,GG,TT,GG,CT,AA,GT,CC,TT,GG,CC,AA,CT,CC,CC,AA,CC,CT,GG,CC,CC,AA,GG,TT,AA,TT,GG,AA,AA,AA,GG,AA,TT,CC,GT,TT,CC,AA,CC,TC,CC,GG,GG,CC,NA,CC,AA,CC,CT,CC,CT,TT,CC,GG,TT,TT,GG,GG,AG,CC,CC,TT,TT,GA,AA,AA,CC,CC,AA,AA,CC,GA,GG,GA,CT,GG,TT,CA,GG,GA,GG,GG,GG,GG,CT,CC,AA,GG,CC,CC,AG,GA,NA,TT,CT,GA,AA,GA,CC,GG,CT,GA,GG,CC,CC,AG,TT,CA,CC,TT,CT,TC,TC,CT,CC,CC,GG,AA,TT,AG,TT,CA,AC,CT,GA,CG,TT,CC,CC,CC,CC,AA,GG,GG,CC,TT,GG,NA,GG,GC,AG,AA,CT,GG,GG,GG,CC,GG,TT,TT,CC,CT,GG,AA,CC,TT,CT,CT,AA,CC,CC,CA,CT,TT,CC,GG,AA,CG,TT,GG,GG,CC,GG,CC,CC,GA
1114VT,SS,NA,AA,CC,CT,AA,AA,CT,TC,TT,CC,NA,AA,NA,AA,CC,AA,TT,CT,TT,TC,GA,GG,CT,AT,AA,CC,TT,CA,GA,CT,GA,AG,CC,TT,GT,TC,TT,TG,TT,CC,TT,TT,AG,GG,CG,GG,CC,AA,TT,TT,AA,GG,TA,CC,TT,CG,GG,GG,AG,GG,CC,CC,AA,GG,AA,TT,GG,GG,TC,NA,CC,CT,AG,GA,TT,GG,CT,GA,CT,CC,TT,GG,TC,CC,TT,NA,CT,CC,TT,GC,GA,NA,TC,TT,AA,CC,CC,GG,CC,AA,GG,AG,CC,GA,GG,AA,AA,AG,GG,AA,GG,TC,GA,CT,AA,GG,TC,TT,GA,CC,AA,TT,CC,CC,AA,CA,CT,GG,CC,CA,AG,GG,TT,GG,TT,GG,GA,GG,GA,GG,GG,CT,CT,GG,TT,CC,GG,CC,CC,TT,GG,GG,CC,CC,CA,AA,CC,CC,CC,TT,CC,CC,AG,AT,CC,GA,GG,AG,CC,CT,TT,TT,GA,AA,AA,TT,CC,CA,AA,CC,GA,GG,AA,TT,TT,CT,CC,GG,GA,AA,GG,GC,GG,CT,TT,NA,GG,CC,CC,AG,AA,NA,TC,CC,GA,AA,AA,CT,GT,CC,GA,GG,CC,CC,AA,TT,CA,CC,TT,CC,TC,TC,TT,CC,CC,GG,CA,TA,AG,TC,CA,CC,CT,GA,CG,TT,CC,CC,CC,CT,AA,GA,GG,CT,TT,GG,CT,GG,GG,AA,AA,CT,GA,GG,GG,CT,GG,GT,TT,CC,CC,GG,GA,CC,TT,TT,CT,AG,CC,TC,AA,CC,TT,CT,GG,GA,GG,TT,GG,GG,CC,GA,CC,CC,GG
1114VU,MC,CT,AG,CC,CC,AA,AG,CC,CC,TT,CC,NA,AA,AC,GA,CC,GG,CT,CT,CC,TT,GA,GC,TT,AA,CA,TT,TT,CC,AA,CC,GA,AA,CC,TT,TT,TT,AA,GG,AT,AA,CT,TC,GG,GG,CC,GT,CC,GA,CC,TT,AA,GG,TT,AA,TT,GG,GG,GG,AG,GC,CC,CC,AA,GG,CA,CC,GG,GG,CC,GG,CC,CC,AG,GA,AA,GA,TT,GA,CC,CC,GG,GA,TT,CC,TT,NA,CT,CC,AA,GC,GG,CC,TT,TT,AA,CC,CC,GA,CC,GA,TT,AA,CC,GA,GA,AA,AG,AG,TT,AA,GA,TT,GG,TT,AG,GT,CC,TT,GG,CC,AA,CC,CC,CC,AA,CC,TT,GG,CA,CC,GG,GA,GT,AA,CC,GG,GA,AA,AA,GG,GA,CT,CC,GT,CT,CC,GG,CC,TC,CC,GG,GA,CT,CC,AA,GG,CC,CC,CC,CC,CT,CC,GG,TT,CC,GA,GA,AA,CC,TT,NA,TC,GA,AG,CA,CC,TT,AA,AA,CC,GA,GG,GA,CT,TG,TT,CC,GG,GG,GG,GG,GC,GG,TT,CC,NA,GG,CC,CC,AG,GA,CC,TC,CT,GG,AA,GA,CT,TT,TT,GA,GG,CC,CT,AA,TT,CC,CC,AT,CC,TT,CC,CT,CC,CC,GG,CA,TA,AA,TT,CC,CC,CT,GG,GG,TT,CC,CC,TC,CC,CC,GG,GG,CC,CT,GA,CT,GG,CC,AA,AC,CT,GG,GG,GG,CC,GG,TT,TT,CC,CC,GG,AA,CC,GG,CT,TT,AG,CT,CC,AA,TT,TT,TT,GG,AA,CG,TG,GG,GG,CC,AA,CC,CC,GA
1114VV,FC,NA,GG,CC,CC,AA,AA,CC,CC,TT,CC,NA,AA,CC,AA,CT,GA,TT,TT,CC,TC,GG,CC,TT,AT,AA,TT,CT,CC,GA,CT,GA,NA,CC,TT,GG,TC,TA,TT,AA,CC,TT,TT,AA,GG,GG,GT,TT,GA,CT,TT,AA,GG,TT,CC,TT,CG,GG,GG,AG,GG,TC,CT,GA,GG,CA,CT,GG,GA,CC,GG,CA,CC,AA,GA,AA,GG,CT,GG,CC,CC,GG,GG,CC,CC,TT,NA,CT,CC,AA,CC,GG,CT,TT,TT,AG,CG,CC,GG,CT,AA,TG,GG,CC,AA,GG,AA,AA,AG,TT,AA,AA,TC,GG,CC,AA,GT,CC,AT,GG,CC,AA,CT,CC,CC,AA,CA,CC,GG,CC,AA,GG,GG,TT,AG,CT,GG,GA,AA,AA,GG,AA,CT,CC,GT,TT,CG,AA,CC,TC,CT,GG,GG,CC,NA,CC,AA,TC,CC,CC,CC,TT,CC,GG,AT,TC,GG,GA,GG,CC,CT,TT,TT,GA,AG,AA,CC,CC,CC,AA,CC,GA,GG,GA,TT,TG,CT,CC,GG,GA,AA,GG,GG,GA,CT,TT,AA,GG,CC,CC,AG,GA,CC,TC,CT,GA,AA,AA,CC,GG,CC,GG,GG,CC,CC,AG,TT,AA,CC,TT,CT,TC,CC,CT,CC,CC,NA,CA,TA,AA,TT,CA,AA,CT,GA,CC,NA,CC,CC,TC,CC,AA,GG,GG,CT,TT,GG,NA,GG,CC,AG,AA,CT,GG,GG,GG,CC,GG,TT,TC,CC,CC,GG,GA,CC,TT,CT,TT,AA,CT,CC,AA,CC,CT,CC,GG,GA,CC,TT,GG,GG,CC,GG,GC,CC,GA
1114VW,TA,NA,AA,CC,CT,AT,GG,NA,TC,TT,CC,NA,NA,AA,AA,CC,GG,CT,CC,CC,TT,GG,GG,CT,AA,AA,TT,CT,CA,AA,TT,AA,AA,CT,TT,GT,TT,TA,GG,AT,CA,TT,TT,AG,GG,CC,GT,CT,GA,CT,TT,GA,GG,TT,CA,TT,GG,GG,GG,AG,GC,CC,CC,GA,GG,AA,CC,GG,GG,TT,TT,CA,CC,GG,GA,AA,GA,TT,GG,CT,CT,GG,AA,TT,CT,NA,TT,CC,TC,AA,GC,GG,NA,TC,TT,AA,CC,CC,GA,CT,AA,TT,AA,CC,GA,GG,AA,GG,AG,TG,NA,GA,TC,GG,TT,AA,GT,CC,AT,GG,CC,AA,CC,CC,CC,GG,CA,CT,GG,CC,CC,AG,GA,TT,AA,CT,GG,AA,AA,GA,GG,AA,CC,CC,GT,TT,CC,AA,CC,TC,CT,GG,GG,CT,CC,CC,GG,TC,CC,CC,CC,CT,TT,GG,NA,TC,GG,GG,AG,CC,NA,NA,TT,GG,AG,AA,CC,NA,AA,AA,CC,GG,GG,GG,CT,TG,CT,CC,GG,GG,GA,GG,CC,GG,CT,CC,NA,GG,CC,CC,AG,GG,CC,TC,TT,GG,GA,GA,CC,GG,CT,GA,GG,CG,CC,AA,TT,CC,NA,TT,CC,TC,TC,TT,TT,CT,NA,NA,TT,AA,TC,CA,AA,CC,AA,CG,NA,CC,CT,TC,CC,AA,GG,GG,CC,CT,GA,CC,GG,GC,AA,AA,CC,GG,GG,GT,CC,GG,TT,TT,CC,CC,AA,AA,CC,TG,CT,TT,AA,CC,CC,AA,TT,CT,CC,AA,GA,CC,TG,GG,GG,CT,GA,GC,CC,AA
1114VX,FC,CT,AG,CC,CC,AA,AA,CT,TC,TT,CC,NA,AA,CC,AA,CC,GA,CT,CC,CC,CC,GG,GC,CT,AA,AA,TT,CC,CA,GA,CT,AA,AA,CC,TT,GT,CC,TA,GG,AA,AA,TT,CC,AG,GG,CG,GT,TT,GA,CC,TT,AA,GG,TT,CC,TT,CG,GG,GG,GG,GC,CC,CT,GG,GG,AA,CT,GG,GA,TC,TG,CA,CC,GG,GA,AA,GG,CT,GG,CC,CT,GG,GG,TC,CC,GT,NA,CT,CC,AA,GC,GG,CC,TT,CT,AA,CC,CC,GA,TT,GA,TG,GG,CC,AA,GG,AC,AG,AA,TG,AA,GA,TT,GG,CC,AG,GG,TC,TT,GG,CA,AA,CT,CC,CC,GA,AA,CC,GG,CC,CC,AA,GA,TT,AA,CT,GG,GG,AA,AA,GG,GA,CT,CC,GT,CT,CG,AA,CC,CC,CT,GG,GG,CT,NA,CC,AA,TT,CT,CC,CC,CT,CC,AG,TT,TT,GG,GA,AG,CC,CC,TT,TT,GA,AG,AA,CC,CC,AA,AG,CC,GA,GG,GA,CT,TG,CT,CA,GG,GG,GA,GG,GG,GG,TT,CT,AA,GG,CC,CC,GG,AA,CA,TT,TT,GA,AA,GG,CC,GG,CT,GA,GG,CC,CC,AG,TT,CA,CC,TT,CC,CC,TC,TT,CC,CC,GG,CA,TT,AG,TC,CC,AC,TT,GA,CC,TT,CC,CC,CC,CC,AA,GG,GG,CC,TT,GG,CC,GG,GG,AG,AA,TT,GG,GG,GG,CT,GG,TT,TT,CC,CC,GG,AA,CC,TT,CT,CT,AA,CC,CC,AA,CT,TT,CC,GA,AA,GG,TT,GG,GG,CC,GG,CC,CC,GA
1114VY,SM,TT,AA,CC,CT,AA,GG,CC,CC,TT,CC,NA,AA,CC,AA,CT,GG,CC,CT,CC,TC,GG,GC,CC,TT,CA,TC,TT,CC,GG,CC,AA,AA,CC,TT,GG,TT,TT,TG,TT,CC,TT,CC,GG,AA,CC,GG,CC,GA,CC,TT,AA,NA,TA,CC,TT,CG,GG,GG,AG,GC,CC,CT,GA,GG,CC,TT,GG,GG,CC,TT,CC,CC,GG,AA,TT,GG,CT,GA,TT,CC,TG,GG,TT,CC,TT,NA,CT,CC,TT,GC,GG,CT,TT,CT,AA,CC,CC,GG,CC,GG,TT,AA,CC,GA,GG,AC,AG,GG,TT,AA,GA,CC,GG,CT,NA,GT,TC,AT,GA,CC,AA,TT,CT,CC,GG,CC,CT,GG,CC,CC,GG,GG,TT,GG,TT,GG,GA,GG,GG,GG,GA,CT,CT,NA,TT,CC,AA,CC,CC,TT,GG,GG,CC,NA,AA,AA,TC,TT,CC,CC,CT,CC,AG,AT,TC,GG,AA,AA,CC,CT,TT,TT,GG,AG,AA,CC,CC,CA,AG,CC,GG,GG,GG,TT,TT,CC,CA,GG,GG,GG,GA,GC,GG,TT,TT,NA,GA,CC,CC,AA,GA,CC,TC,CT,GA,AA,GA,CT,GT,CC,GA,GA,CC,CC,AA,TT,CC,CC,AT,CT,TC,CC,CC,CC,CC,GG,CA,TA,AG,TC,CA,AA,CC,GA,CG,TC,CT,TT,CC,CC,AA,GG,GG,CT,TT,GG,CC,GG,CC,AG,AC,CT,GG,GG,GG,CC,GG,TT,TT,CC,CC,GG,AA,CC,GG,CC,TT,AG,CC,CC,AA,CT,CC,TT,GG,GG,CC,TT,GG,GG,CT,GA,GC,CC,GG
1114VZ,CS,NA,GG,CC,CT,AA,AG,CC,CC,TT,CC,NA,NA,CC,GG,CC,GG,CT,CT,CC,TT,GG,GC,NA,AT,CA,TT,TT,AA,GG,CC,AA,AA,NA,TT,GG,TT,TA,GG,TT,CA,TT,CC,AG,GG,CC,GT,CC,GA,CC,TT,AA,NA,TT,CC,TC,CC,GG,GG,AA,GG,CC,CT,GG,GA,AA,CC,GG,GG,CC,GG,CC,CT,GG,GA,AT,GG,CC,GG,CT,CC,TG,GG,TT,CC,TT,NA,CC,CC,NA,GC,GA,CT,TC,TT,AA,CC,CC,GA,NA,GA,TT,AG,CC,GA,GG,AA,GG,GG,GG,AA,GA,TC,GG,CT,AG,GG,CC,AT,GG,CC,AA,CT,CC,CC,NA,CA,CT,GG,CC,AA,AG,GG,TT,AG,CT,GG,GG,GA,AA,GG,GA,CC,CT,GG,TT,CG,GG,CC,TT,CT,GG,GA,CC,CC,CA,AA,TC,CC,CC,CT,TT,CC,GG,NA,CC,GA,AA,GG,CC,NA,TT,TT,GG,AA,CC,CC,CC,AA,AA,TC,GA,GG,GA,NA,TT,CC,CA,GG,GA,NA,GA,GC,GA,TT,CT,AA,GG,AA,CC,AG,GA,CC,TT,CT,GA,AA,AA,CC,GG,CT,GG,GG,CC,CC,AA,TT,CC,NA,TT,CC,TT,TC,NA,CC,CC,NA,AA,TT,GG,TT,CA,AC,CT,GG,CG,NA,CC,CT,CC,CC,AA,GG,GA,CC,CT,GG,NA,NA,GC,AA,AC,TT,GG,GG,GG,CC,GG,GT,NA,CC,CC,AA,AA,CC,TT,TT,TT,AA,CC,TC,AA,CC,CT,TT,GG,GA,GG,TT,GG,GA,CC,GA,CC,CT,AA
1114W1,RT,CC,GG,CC,CT,AA,AG,CC,TC,NA,CC,NA,AA,CC,AA,CT,GA,TT,TT,CT,TC,GG,GG,TT,AT,AA,TC,TT,CC,GA,TT,AA,AG,CC,GG,GG,TT,TA,GG,AT,CC,TT,TC,AA,GG,CG,TT,CC,AA,CC,TT,GG,GG,TT,CC,TC,CG,GA,GG,GG,GC,TC,CC,GA,GG,CA,CC,GG,GG,TC,NA,CA,CT,GG,AA,AA,GG,CC,GG,CC,CT,GG,GG,TT,TT,GG,NA,CT,CC,AA,CC,GA,NA,CC,TT,AG,CC,CC,AA,CC,AA,TT,AA,TC,GG,GA,AC,AA,AG,GG,AA,GG,TT,AA,TT,AA,GT,TT,TT,GG,CC,AA,CC,TT,CC,GG,CA,CC,GA,CC,AA,GG,GG,TT,AG,CC,GA,AA,GA,AA,GG,GA,CC,CC,GG,CT,CC,GG,CC,TT,CC,AA,AA,CT,CC,AA,AG,TT,CC,CC,CC,CT,CC,GG,AT,TC,GG,GA,AA,CC,TT,TT,CC,GG,AG,AA,CC,CC,CC,AA,NA,GA,GG,AA,TT,TT,TT,CC,GG,GA,GA,GG,GC,GG,CT,TT,NA,GG,CC,CT,GG,GA,CC,TC,CT,GA,AA,GA,CT,GG,CC,GA,AA,CC,CC,AA,TT,CA,CC,TT,CC,TT,CC,CT,CC,CC,NA,AA,TT,GG,CC,CC,AA,CT,GG,CC,NA,CC,CT,CC,CC,AA,GG,GG,CC,CC,GG,CC,GA,CC,AA,AA,CT,GG,GT,GG,CC,GG,GT,TT,GG,CC,GG,GA,CC,TT,CT,TT,AA,CC,CC,AA,CT,TT,CC,GA,GG,GG,GG,GG,GG,CC,AA,CC,CC,GG
1114W5,RV,TT,AA,CC,CC,AA,GG,CC,CC,TT,CC,NA,AA,AA,AA,CT,AA,TT,TT,CC,CC,GG,GG,CC,AA,AA,TT,TT,CC,GA,CC,AA,AA,CC,GT,GG,TT,TT,TT,AA,CA,TT,TT,AA,GG,CC,GT,TT,GA,CC,TT,AA,GG,TT,CC,TT,CC,GG,GG,AG,GG,CC,CC,GG,GG,AA,CC,GG,AA,TT,TT,CC,CT,AA,GA,AA,GG,CC,GG,CC,CT,TG,AA,TT,CC,GG,NA,TT,CC,AA,CC,GG,CT,TT,TT,AA,CC,AA,AA,CC,GG,TT,AA,CC,AA,AA,AA,AA,GG,GG,AA,AA,TT,GG,CC,AA,GG,TT,TT,GG,AA,GA,CC,TT,CC,GG,CC,TT,GG,CC,CC,GG,GG,TT,AG,TT,GG,AA,GG,AA,GG,AA,CC,CC,GT,TT,CC,GG,CC,TT,TT,GG,GG,CC,CC,CA,GG,CC,CC,CC,CC,CC,TT,GG,TT,TC,GG,AA,AA,CC,TT,TT,TT,GG,AA,CA,CC,CC,CC,AA,NA,AA,GG,GA,TT,TT,CC,CA,GG,AA,GG,GG,CC,AA,TT,TT,NA,AA,AA,CC,GG,AA,CC,TT,TT,AA,GA,GG,CC,TT,TT,GG,GG,CC,CC,AA,TC,AA,CC,TT,CC,TT,TT,CC,CC,CC,GG,CA,TT,GG,CC,AA,AA,TT,AA,CC,NA,CC,CC,CC,TT,AA,GA,GG,CC,CT,GG,CT,GG,GG,AA,AA,TT,GG,GG,GG,CC,GG,TT,CC,CC,TT,GG,GA,CC,TT,TT,CC,AA,TT,CC,NA,TT,TT,CC,GA,GG,CC,TG,GG,GG,CC,AA,CC,CC,GA
1114W8,SS,CT,AA,TT,TT,AA,AG,CC,CC,TT,CC,NA,AA,AA,GA,CC,AA,TT,CC,TT,TT,GG,CC,CT,AT,CA,TC,CT,CC,GA,CC,GG,AA,CC,GG,GT,TT,TT,TT,AT,CA,TT,TT,AA,GG,CG,GT,CC,GA,CT,TC,AA,GG,TT,CC,TT,GG,GG,GG,GG,GG,CC,CC,AA,GG,AA,CC,GG,GA,CC,TG,CC,CT,GG,GG,TT,GG,CT,GA,CC,CC,GG,GG,TC,CC,GT,NA,CC,CC,AA,CC,AA,CT,TT,TT,AA,CC,CC,GA,CC,AA,TT,AG,CC,GA,GG,AA,AA,AG,TG,AA,GG,TT,GA,CC,AA,GT,CC,TT,GG,CC,GA,CT,CT,CC,GA,CC,CC,GG,CC,CA,AA,GG,TT,GG,CT,GG,GG,AA,GA,GG,GA,TT,CC,GG,TT,CC,GG,CC,CC,CC,GG,GG,CT,NA,CA,AA,TC,CT,CC,CC,CT,TC,AG,AA,TT,GG,GA,AG,CC,TT,TT,TT,GA,AA,AA,TC,CC,AA,AA,CC,GG,GG,GA,TT,TT,CC,CA,GG,GG,GA,GG,GC,GG,TT,CC,NA,GG,CC,CC,AG,GG,CC,TC,CC,GA,GA,GA,TT,GT,CC,GA,GG,CC,CC,AA,TC,CC,CT,TT,CC,TC,TT,CT,CC,CC,GG,AA,TT,AG,TT,CC,AC,CC,AA,CC,TT,CC,CT,CC,CT,AA,GG,GG,CC,CT,GG,CC,GG,CC,AG,CC,TT,GG,GG,GG,CC,GG,TT,TT,CC,TT,GA,AA,NA,TT,CT,TT,AA,CC,CC,AA,CC,CT,CC,GG,GG,GG,TT,GG,GA,CC,GG,CC,CT,GA
1114W9,SS,CT,AA,CT,CT,AT,AG,CC,CC,TT,CC,NA,AA,AA,GA,CC,GG,TT,CC,CT,TT,GG,CC,TT,AA,AA,CC,TT,CC,AA,CT,GG,AA,CT,TT,GG,TT,TA,TG,AT,CC,CT,TC,AA,GG,GG,TT,CC,GA,CT,TC,GA,GG,TT,CC,TT,CG,GA,GG,GG,GG,CC,CT,GA,GG,CA,CT,GG,GA,CC,GG,CC,CT,AG,AA,AT,GA,CT,GG,CC,CC,GG,GG,TC,CC,GT,NA,CC,CC,AA,CC,AA,TT,TT,TT,AA,CC,CA,GG,CT,GG,GG,AA,CC,GA,GG,AC,AA,AG,TT,AA,GG,TT,GG,CT,NA,GT,TC,AA,GA,CC,AA,CT,CC,CC,GA,CC,CC,GA,CC,CA,AG,GG,TT,AG,TT,GG,AA,AA,GA,GG,GG,TT,CT,GG,TT,CC,GA,CC,TC,CT,GG,GG,CT,CC,CC,AA,TC,CC,CC,CC,CC,CC,AG,AT,TT,GG,GA,AG,CC,TT,TT,TT,GA,AA,AA,TT,TC,CA,AG,CC,GA,GG,GA,CC,TT,CC,CA,GG,GG,GA,GG,GG,GG,CT,CT,AA,GG,CA,CT,AA,GA,CC,TC,CC,AA,AA,AA,CT,GG,CC,GA,GG,CC,CC,AG,TT,CC,CT,AT,CT,TC,TT,TT,CC,CC,GG,AA,TT,AA,TC,CC,AC,CT,AA,CC,TT,CT,CC,CC,CT,AC,GG,GG,CC,TT,GG,CC,GG,GG,AA,AC,TT,GG,GG,GG,CC,GG,TT,TT,CC,CC,GA,GA,CC,TT,CC,TT,AA,CC,CC,CA,CT,CT,CC,GG,GG,CC,TT,GG,GA,CC,GA,CC,CC,GG
1114WA,SS,NA,AA,CC,TT,AA,AG,CC,CC,TT,CC,NA,AA,AA,GA,CC,AA,TT,CT,TT,TC,GA,GC,CT,AA,AA,TT,TT,CA,GA,TT,GA,AA,CC,GT,GG,TC,TT,TG,AA,CC,CT,TC,AA,GG,GG,TT,CC,GA,CT,TC,AA,GG,TT,CC,TT,CC,GG,GG,AG,GG,CC,CC,AA,GG,CA,CC,GG,GG,CC,NA,CC,CT,GG,GG,TT,GG,CT,GA,CC,CC,TG,GA,TC,TT,GG,NA,CT,CC,AA,GC,GG,NA,TT,CT,AA,CC,CA,GG,CT,GG,TG,AG,CC,GG,GG,AA,AG,AG,TG,AA,GA,TT,GG,CC,NA,GG,CC,AT,GG,CC,AA,CT,CC,CC,AA,CA,CC,GG,CA,CA,AA,GG,TT,GG,TT,GG,GG,GG,GA,GG,GG,CC,CT,GG,TT,CC,GG,CC,TC,CC,GG,GG,CC,CC,CC,AA,CC,CC,CC,CT,CT,CC,GG,AT,TT,GG,GG,GG,CC,TT,TT,TT,GA,AA,AA,CC,CC,CA,AA,TC,GA,GG,AA,CT,TT,CC,CA,GG,GG,GA,GG,GG,AA,CT,CT,AA,GA,CC,CC,GG,GG,CC,CC,CC,GG,AA,GG,CT,TT,CC,GG,GA,CC,CC,AA,TT,CC,CC,TT,CC,TT,CC,CT,CC,CC,GG,CA,TT,AG,TT,CC,AA,CC,GA,CG,TT,CC,CT,TC,CT,AA,GG,GG,CC,CT,GG,NA,GG,GG,AA,AC,CT,AA,GG,GG,CT,GG,TT,TT,CC,CC,GG,AA,CC,TT,CC,CT,AA,CC,CC,CA,TT,CC,CC,GG,GG,GG,TT,GG,GG,CC,GA,CC,CC,AA
1114WB,SS,NA,AG,CC,TT,AA,AG,CC,TC,TT,CC,NA,AA,AC,GA,CC,GG,CT,CT,CT,TC,GG,GG,CT,AA,AA,TT,CT,AA,AA,TT,GG,AA,CT,TT,GG,TC,TT,TG,TT,CC,TT,CC,GG,GG,CC,GT,CC,GA,CT,TC,GA,GG,TA,CC,TT,CG,GG,GG,AG,GG,TC,TT,GA,GG,AA,CT,GG,GG,CC,NA,CC,CC,GG,GA,AA,GG,CT,GA,CT,CC,TG,GG,CC,CC,GT,NA,CC,CC,AT,CC,GA,CT,TT,TT,AA,CC,CA,GG,CT,AA,GG,AA,CC,AA,GG,AA,AG,GG,TG,AA,AA,TT,GG,CT,AG,TT,CC,TT,GA,CC,AA,TT,CC,CC,GA,CC,CC,GG,CC,CA,AG,GA,TT,GG,TT,GG,AA,AA,AA,GA,GG,CC,CC,GG,CT,CC,GG,CC,TC,CC,GG,GG,CC,CC,CC,AA,TC,CC,CC,CC,CC,CC,GG,TT,TT,GG,GA,AA,CC,TT,TT,TT,GA,AG,AA,TC,TC,CA,AA,CC,GA,GG,AA,CC,TT,CT,CA,GG,GG,AA,GG,GC,GA,CC,CT,AA,GG,CA,TT,AA,GA,CC,TT,CC,AA,AA,AA,TT,GG,CC,GA,AA,CC,CC,AA,TT,CA,CC,TT,CC,TT,TT,CT,CC,CT,GG,AA,TA,AG,TC,CC,CC,TT,GA,CC,TT,CC,CC,CC,CC,AA,GG,GG,CC,TT,GG,CC,GA,GG,AG,AC,CT,GG,GG,GG,CT,GG,TT,TC,CC,CC,GA,GA,CC,TG,CT,CT,AA,CC,CC,AA,CT,CC,CC,GG,GG,GG,TT,GG,GG,CC,GG,GC,CC,GG
1114WC,CS,TT,AG,CC,CT,AA,AA,CC,CC,TT,CC,NA,AA,CC,GA,CC,GA,CT,CC,CC,TT,GA,GC,CT,AT,CA,TT,CT,CA,GG,CT,GA,AG,CC,GT,GT,TT,TA,TT,AT,AA,TT,TC,AA,GA,GG,GG,CC,GG,CC,TT,GA,NA,TA,CC,TC,CC,GG,GG,AG,GC,CC,CC,GG,GG,AA,CC,GG,GA,CC,NA,CC,CT,GG,AA,AT,GG,CT,GA,CC,CC,GG,GG,TT,CC,GT,TT,CT,CC,AA,GG,GG,CT,TT,TT,AA,CC,CC,AA,CT,AA,TG,GG,CC,AA,GG,AA,GG,GG,GG,AA,GG,TC,GG,CT,NA,GG,TC,AT,GG,CC,GA,CT,CT,CC,GA,CA,CT,GG,CA,CA,AG,GG,GT,AG,TT,GG,GA,AA,AA,GG,AA,CT,TT,NA,TT,CC,GG,CC,CC,CC,GA,GG,CC,CC,CA,AA,TC,CC,CC,CC,TT,CC,AG,TT,TC,GA,AA,AG,CC,TT,TT,TT,AA,AA,AA,CC,CC,AA,AA,CC,GG,GG,AA,CT,TG,CC,CA,GG,GG,GA,GG,GC,GA,CT,CT,NA,GG,CC,CC,GG,GA,CC,TT,TT,GA,GA,AA,CT,GG,CT,GG,GA,CC,CC,AA,TT,CC,CC,AT,CT,TT,CC,CC,CC,CC,GG,AA,TT,NA,TT,CA,AC,CC,GG,CC,TT,CC,CT,CC,CT,AA,GG,GG,CC,CT,GG,CC,GG,CC,AA,AA,CT,GG,GT,GG,CC,GG,GT,TC,CC,CC,GG,AA,CC,TT,CC,TT,AA,CC,TC,CA,CC,CC,CT,GG,GG,CG,TT,GG,GG,CC,GG,GC,CC,AA
1114WD,TC,TT,AA,CC,CT,AA,AG,CC,TC,TT,CC,NA,AA,AA,AA,CC,GG,CT,CC,CT,TT,GG,GC,CC,AT,CA,TC,CC,CC,GA,CC,AA,AA,CC,TT,GT,TT,TA,GG,AT,AA,TT,TC,GG,GG,GG,GG,CC,GA,CC,TT,GA,GG,TA,CC,TT,CG,GG,GG,GG,GC,TC,TT,GG,GG,CC,CC,GG,GA,CC,NA,CC,TT,AG,GA,AT,GA,TT,AA,TT,CC,TG,AA,CC,CC,GT,NA,CC,CC,AT,GG,GG,CC,TT,CT,AA,CC,CC,AA,TT,GG,TT,AG,CC,GG,GG,AA,AG,GG,TG,AA,GG,TT,GG,CT,NA,TT,CC,TT,GG,CC,AA,TT,CT,CC,AA,CC,CT,GG,CC,CC,AG,GG,TT,AG,CT,GG,GG,AA,GA,GA,AA,CC,CT,GT,TT,CC,GG,CC,TT,CC,GG,GG,CC,CC,CA,AA,TT,CT,CC,CC,CC,CC,AG,AT,TC,GG,GG,AG,CC,CT,NA,TT,GG,AA,AA,CC,CC,AA,AA,CC,GA,GG,GG,CT,GG,CT,CC,GG,GA,GA,GG,GC,GG,CT,CT,NA,GG,CA,CC,GG,GG,NA,TC,CC,AA,GA,GA,CT,GG,CT,GG,GA,CG,CC,GG,TT,CC,CC,AT,CC,TT,TT,TT,CC,CC,GG,AA,TT,AA,CC,CA,CC,TT,AA,CG,TT,CC,TT,TC,CT,AA,AA,GG,CC,CT,GG,CC,GG,GC,AG,AA,TT,GG,GG,GG,CC,GG,GT,TT,CC,CC,AA,AA,CC,TT,CC,TT,AG,CT,TC,AA,CT,TT,CC,GG,GG,CG,TT,GG,GG,CC,GA,CC,CC,GG
1114WE,SS,TT,AG,TT,TT,AA,AG,CT,CC,TT,CC,NA,AA,AA,GG,CC,AA,TT,TT,CT,TT,GG,CC,CT,AA,AA,TT,CT,CC,GA,CT,GA,AA,CC,GT,GT,TT,TT,TG,AT,CA,TT,TC,AA,GG,CG,TT,CC,AA,CC,TT,GA,GG,TT,CC,TT,CG,GG,GG,GG,GG,CC,TT,AA,GG,AA,CC,GG,GA,CC,TG,CC,CC,AG,GA,TT,AA,TT,GG,CC,CT,GG,GG,CC,CC,GT,NA,CC,CC,AT,CC,AA,CC,TT,TT,AA,CC,CA,AA,CC,AA,TG,GG,CC,AA,GG,AA,AG,AG,GG,AA,GG,TT,GG,CC,NA,GT,CC,AT,GG,CC,AA,CT,TT,CC,AA,CC,CC,GG,CC,CA,AA,GG,TT,AA,TT,GG,GA,AA,GA,GG,GG,CT,CT,GG,CT,CC,GG,CT,TT,CC,GG,GA,CT,NA,AA,AA,TT,CT,CC,CC,CC,CC,AG,AT,TT,GG,GA,GG,CC,TT,TT,TT,GG,AA,AA,TC,CC,AA,AG,CC,GA,GG,GG,CT,TT,CC,CA,GG,GA,AA,GG,CC,GG,TT,CT,NA,GG,CC,CC,GG,GG,CC,CC,CT,GA,AA,AA,TT,GG,TT,AA,GA,CC,CC,AA,TT,CA,CC,TT,CC,TT,TT,CT,CC,CC,GG,CA,TA,AG,TT,CC,AC,CC,AA,CG,TT,CC,CC,CC,CT,AA,GG,GG,CC,TT,GG,CC,GG,GG,AG,CC,CT,GG,GG,GG,CC,GG,TT,TT,CC,CT,AA,AA,CC,TT,TT,TT,AA,CC,CC,CA,TT,CC,CC,GG,GG,CG,TT,GG,GA,CC,GG,CC,CC,AA
